{"bounds":{"east":121.489305496216,"north":29.1492176055908,"south":28.9693164825439,"west":121.286058425903},"contentType":"quantizedmesh","latLonBounds":{"east":121.489305496216,"north":29.1492176055908,"south":28.9693164825439,"west":121.286058425903},"maxzoom":14,"minzoom":0,"proj":4326,"tiletrans":"tms","type":"terrain","ziped":false}